{"text": " Even wachten, ik moet even nadenken hoor. O ja, kijk, het begin van mijn leven, daar weet ik natuurlijk niks van. Ik moet ergens in een ziekenhuis in Batavia geweest, de hoofdstad toen van Nederlands-Indi\u00eb. Maar het oudste wat ik me nog herinner moet zijn, we woonden in Batavia aan een kromme kleine straat en ik herinner me een grote verrassing. Een keer was ik die, ik mocht nog niet op straat lopen, maar ik kon lopen, dus ik moet vijf jaar zijn geweest of zo, vier jaar, en ik loop op straat en dan kom ik bij de hele drukke weg, Menteng geloof ik dat het heet. Nou, daar mag ik niet komen, ik was een gehoorzame jongen, dus ik liep terug naar ons huis, maar ik ben door gaan wandelen. En die weg maakte een soort U-bocht. En even later was ik weer bij die grote drukke weg. Nou, ik was stomverbaasd, hoe kan dat? Ik loop twee kanten op en ik kom zomaar bij een hele drukke weg uit. Ik geloof dat dit ongeveer mijn oudste herinnering is.", "segments": [{"id": 0, "seek": 0, "start": 0.0, "end": 3.3200000000000003, "text": " Even wachten, ik moet even nadenken hoor.", "tokens": [50365, 2754, 261, 20806, 11, 4320, 12677, 754, 12617, 268, 2653, 43330, 13, 50531], "temperature": 0.0, "avg_logprob": -0.1525079668784628, "compression_ratio": 1.4951456310679612, "no_speech_prob": 0.012235973961651325}, {"id": 1, "seek": 0, "start": 4.54, "end": 9.5, "text": " O ja, kijk, het begin van mijn leven, daar weet ik natuurlijk niks van.", "tokens": [50592, 422, 2784, 11, 350, 6940, 11, 3639, 1841, 3161, 19884, 45542, 11, 12390, 28991, 4320, 26892, 297, 23292, 3161, 13, 50840], "temperature": 0.0, "avg_logprob": -0.1525079668784628, "compression_ratio": 1.4951456310679612, "no_speech_prob": 0.012235973961651325}, {"id": 2, "seek": 0, "start": 9.92, "end": 18.12, "text": " Ik moet ergens in een ziekenhuis in Batavia geweest, de hoofdstad toen van Nederlands-Indi\u00eb.", "tokens": [50861, 8316, 12677, 1189, 23212, 294, 3881, 16503, 2653, 71, 8479, 294, 10066, 23015, 45707, 377, 11, 368, 44974, 67, 48299, 29911, 3161, 29005, 10230, 12, 21790, 72, 15101, 13, 51271], "temperature": 0.0, "avg_logprob": -0.1525079668784628, "compression_ratio": 1.4951456310679612, "no_speech_prob": 0.012235973961651325}, {"id": 3, "seek": 0, "start": 18.88, "end": 28.8, "text": " Maar het oudste wat ik me nog herinner moet zijn, we woonden in Batavia aan een kromme kleine straat", "tokens": [51309, 14294, 3639, 220, 1861, 2941, 6858, 4320, 385, 9638, 720, 19166, 12677, 8004, 11, 321, 6020, 37982, 294, 10066, 23015, 9904, 3881, 15913, 15117, 22278, 2148, 267, 51805], "temperature": 0.0, "avg_logprob": -0.1525079668784628, "compression_ratio": 1.4951456310679612, "no_speech_prob": 0.012235973961651325}, {"id": 4, "seek": 2880, "start": 28.8, "end": 32.64, "text": " en ik herinner me een grote verrassing.", "tokens": [50365, 465, 4320, 720, 19166, 385, 3881, 39928, 45923, 42705, 13, 50557], "temperature": 0.0, "avg_logprob": -0.090346132005964, "compression_ratio": 1.6536796536796536, "no_speech_prob": 1.8777856894303113e-05}, {"id": 5, "seek": 2880, "start": 33.38, "end": 36.94, "text": " Een keer was ik die, ik mocht nog niet op straat lopen, maar ik kon lopen,", "tokens": [50594, 25374, 31531, 390, 4320, 978, 11, 4320, 705, 4701, 9638, 6899, 999, 2148, 267, 287, 15752, 11, 10314, 4320, 5897, 287, 15752, 11, 50772], "temperature": 0.0, "avg_logprob": -0.090346132005964, "compression_ratio": 1.6536796536796536, "no_speech_prob": 1.8777856894303113e-05}, {"id": 6, "seek": 2880, "start": 36.94, "end": 42.2, "text": " dus ik moet vijf jaar zijn geweest of zo, vier jaar, en ik loop op straat", "tokens": [50772, 14284, 4320, 12677, 371, 1718, 69, 22579, 8004, 45707, 377, 295, 5721, 11, 17634, 22579, 11, 465, 4320, 6367, 999, 2148, 267, 51035], "temperature": 0.0, "avg_logprob": -0.090346132005964, "compression_ratio": 1.6536796536796536, "no_speech_prob": 1.8777856894303113e-05}, {"id": 7, "seek": 2880, "start": 42.2, "end": 46.94, "text": " en dan kom ik bij de hele drukke weg, Menteng geloof ik dat het heet.", "tokens": [51035, 465, 3277, 5207, 4320, 10317, 368, 16812, 47995, 330, 15565, 11, 33140, 1501, 4087, 29496, 4320, 1137, 3639, 415, 302, 13, 51272], "temperature": 0.0, "avg_logprob": -0.090346132005964, "compression_ratio": 1.6536796536796536, "no_speech_prob": 1.8777856894303113e-05}, {"id": 8, "seek": 2880, "start": 48.74, "end": 55.0, "text": " Nou, daar mag ik niet komen, ik was een gehoorzame jongen, dus ik liep terug naar ons huis,", "tokens": [51362, 28843, 11, 12390, 2258, 4320, 6899, 27190, 11, 4320, 390, 3881, 1519, 1289, 284, 89, 529, 38678, 268, 11, 14284, 4320, 375, 595, 35020, 12762, 18818, 46526, 11, 51675], "temperature": 0.0, "avg_logprob": -0.090346132005964, "compression_ratio": 1.6536796536796536, "no_speech_prob": 1.8777856894303113e-05}, {"id": 9, "seek": 2880, "start": 55.620000000000005, "end": 56.7, "text": " maar ik ben door gaan wandelen.", "tokens": [51706, 10314, 4320, 3271, 2853, 14118, 14304, 14818, 13, 51760], "temperature": 0.0, "avg_logprob": -0.090346132005964, "compression_ratio": 1.6536796536796536, "no_speech_prob": 1.8777856894303113e-05}, {"id": 10, "seek": 5670, "start": 56.7, "end": 60.02, "text": " En die weg maakte een soort U-bocht.", "tokens": [50365, 2193, 978, 15565, 463, 48036, 3881, 43168, 624, 12, 1763, 4701, 13, 50531], "temperature": 0.0, "avg_logprob": -0.09598804342335668, "compression_ratio": 1.4508670520231215, "no_speech_prob": 0.0001699737476883456}, {"id": 11, "seek": 5670, "start": 60.620000000000005, "end": 64.52000000000001, "text": " En even later was ik weer bij die grote drukke weg.", "tokens": [50561, 2193, 754, 1780, 390, 4320, 19662, 10317, 978, 39928, 47995, 330, 15565, 13, 50756], "temperature": 0.0, "avg_logprob": -0.09598804342335668, "compression_ratio": 1.4508670520231215, "no_speech_prob": 0.0001699737476883456}, {"id": 12, "seek": 5670, "start": 65.14, "end": 67.68, "text": " Nou, ik was stomverbaasd, hoe kan dat?", "tokens": [50787, 28843, 11, 4320, 390, 9036, 331, 4231, 296, 67, 11, 19709, 4608, 1137, 30, 50914], "temperature": 0.0, "avg_logprob": -0.09598804342335668, "compression_ratio": 1.4508670520231215, "no_speech_prob": 0.0001699737476883456}, {"id": 13, "seek": 5670, "start": 68.08, "end": 73.66, "text": " Ik loop twee kanten op en ik kom zomaar bij een hele drukke weg uit.", "tokens": [50934, 8316, 6367, 30660, 350, 29646, 999, 465, 4320, 5207, 710, 6440, 289, 10317, 3881, 16812, 47995, 330, 15565, 12528, 13, 51213], "temperature": 0.0, "avg_logprob": -0.09598804342335668, "compression_ratio": 1.4508670520231215, "no_speech_prob": 0.0001699737476883456}, {"id": 14, "seek": 5670, "start": 74.38, "end": 77.38, "text": " Ik geloof dat dit ongeveer mijn oudste herinnering is.", "tokens": [51249, 8316, 4087, 29496, 1137, 6176, 322, 432, 49143, 19884, 220, 1861, 2941, 720, 19166, 278, 307, 13, 51399], "temperature": 0.0, "avg_logprob": -0.09598804342335668, "compression_ratio": 1.4508670520231215, "no_speech_prob": 0.0001699737476883456}], "language": "nl"}